0,1,2,3,4,5,6,7,8
Prescott,Kamara,Elliott,Lamb,McLaurin,Waddle,Cooper,Seals-Jones,Dolphins
Prescott,Kamara,Elliott,Lamb,McLaurin,Waddle,Gallup,Gesicki,Dolphins
Prescott,Kamara,Elliott,Lamb,McLaurin,Waddle,Gallup,Seals-Jones,Dolphins
Prescott,Kamara,Elliott,Lamb,McLaurin,Waddle,Callaway,Schultz,Dolphins
Prescott,Kamara,Elliott,Lamb,McLaurin,Waddle,Smith,Schultz,Dolphins
Prescott,Kamara,Elliott,Lamb,McLaurin,Waddle,Carter,Schultz,Dolphins
Prescott,Kamara,Elliott,Lamb,McLaurin,Waddle,Sims,Schultz,Dolphins
Prescott,Kamara,Elliott,Lamb,McLaurin,Waddle,Humphrey,Schultz,Dolphins
Prescott,Kamara,Elliott,Lamb,McLaurin,Waddle,Wilson,Gesicki,Dolphins
Prescott,Kamara,Elliott,Lamb,McLaurin,Waddle,Wilson,Seals-Jones,Dolphins
Prescott,Kamara,Elliott,Lamb,Waddle,Cooper,Parker,Seals-Jones,Dolphins
Prescott,Kamara,Elliott,Lamb,Waddle,Cooper,Callaway,Gesicki,Dolphins
Prescott,Kamara,Elliott,Lamb,Waddle,Cooper,Callaway,Seals-Jones,Dolphins
Prescott,Kamara,Elliott,Lamb,Waddle,Cooper,Smith,Gesicki,Dolphins
Prescott,Kamara,Elliott,Lamb,Waddle,Cooper,Smith,Seals-Jones,Dolphins
Prescott,Kamara,Elliott,Lamb,Waddle,Cooper,Carter,Gesicki,Dolphins
Prescott,Kamara,Elliott,Lamb,Waddle,Cooper,Carter,Seals-Jones,Dolphins
Prescott,Kamara,Elliott,Lamb,Waddle,Cooper,Sims,Gesicki,Dolphins
Prescott,Kamara,Elliott,Lamb,Waddle,Cooper,Sims,Seals-Jones,Dolphins
Prescott,Kamara,Elliott,Lamb,Waddle,Cooper,Humphrey,Gesicki,Dolphins
Prescott,Kamara,Elliott,Lamb,Waddle,Cooper,Humphrey,Seals-Jones,Dolphins
Prescott,Kamara,Elliott,Lamb,Waddle,Parker,Gallup,Seals-Jones,Dolphins
Prescott,Kamara,Elliott,Lamb,Waddle,Parker,Callaway,Schultz,Dolphins
Prescott,Kamara,Elliott,Lamb,Waddle,Parker,Smith,Schultz,Dolphins
Prescott,Kamara,Elliott,Lamb,Waddle,Parker,Carter,Schultz,Dolphins
Prescott,Kamara,Elliott,Lamb,Waddle,Parker,Sims,Schultz,Dolphins
Prescott,Kamara,Elliott,Lamb,Waddle,Parker,Humphrey,Schultz,Dolphins
Prescott,Kamara,Elliott,Lamb,Waddle,Gallup,Callaway,Gesicki,Dolphins
Prescott,Kamara,Elliott,Lamb,Waddle,Gallup,Callaway,Seals-Jones,Dolphins
Prescott,Kamara,Elliott,Lamb,Waddle,Gallup,Smith,Gesicki,Dolphins
Prescott,Kamara,Elliott,Lamb,Waddle,Gallup,Smith,Seals-Jones,Dolphins
Prescott,Kamara,Elliott,Lamb,Waddle,Gallup,Carter,Gesicki,Dolphins
Prescott,Kamara,Elliott,Lamb,Waddle,Gallup,Carter,Seals-Jones,Dolphins
Prescott,Kamara,Elliott,Lamb,Waddle,Gallup,Sims,Gesicki,Dolphins
Prescott,Kamara,Elliott,Lamb,Waddle,Gallup,Sims,Seals-Jones,Dolphins
Prescott,Kamara,Elliott,Lamb,Waddle,Gallup,Humphrey,Gesicki,Dolphins
Prescott,Kamara,Elliott,Lamb,Waddle,Gallup,Humphrey,Seals-Jones,Dolphins
Prescott,Kamara,Elliott,Lamb,Waddle,Callaway,Carter,Schultz,Dolphins
Prescott,Kamara,Elliott,Lamb,Waddle,Callaway,Sims,Schultz,Dolphins
Prescott,Kamara,Elliott,Lamb,Waddle,Callaway,Wilson,Gesicki,Dolphins
Prescott,Kamara,Elliott,Lamb,Waddle,Smith,Carter,Schultz,Dolphins
Prescott,Kamara,Elliott,Lamb,Waddle,Smith,Sims,Schultz,Dolphins
Prescott,Kamara,Elliott,Lamb,Waddle,Smith,Wilson,Gesicki,Dolphins
Prescott,Kamara,Elliott,Lamb,Waddle,Carter,Humphrey,Schultz,Dolphins
Prescott,Kamara,Elliott,Lamb,Waddle,Carter,Wilson,Gesicki,Dolphins
Prescott,Kamara,Elliott,Lamb,Waddle,Sims,Humphrey,Schultz,Dolphins
Prescott,Kamara,Elliott,Lamb,Waddle,Sims,Wilson,Gesicki,Dolphins
Prescott,Kamara,Elliott,Lamb,Waddle,Humphrey,Wilson,Gesicki,Dolphins
Prescott,Kamara,Pollard,Lamb,McLaurin,Waddle,Cooper,Gesicki,Dolphins
Prescott,Kamara,Pollard,Lamb,McLaurin,Waddle,Cooper,Seals-Jones,Dolphins
Prescott,Kamara,Pollard,Lamb,McLaurin,Waddle,Parker,Schultz,Dolphins
Prescott,Kamara,Pollard,Lamb,McLaurin,Waddle,Gallup,Gesicki,Dolphins
Prescott,Kamara,Pollard,Lamb,McLaurin,Waddle,Gallup,Seals-Jones,Dolphins
Prescott,Kamara,Pollard,Lamb,McLaurin,Waddle,Callaway,Schultz,Dolphins
Prescott,Kamara,Pollard,Lamb,McLaurin,Waddle,Smith,Schultz,Dolphins
Prescott,Kamara,Pollard,Lamb,McLaurin,Waddle,Carter,Schultz,Dolphins
Prescott,Kamara,Pollard,Lamb,McLaurin,Waddle,Sims,Schultz,Dolphins
Prescott,Kamara,Pollard,Lamb,McLaurin,Waddle,Humphrey,Schultz,Dolphins
Prescott,Kamara,Pollard,Lamb,McLaurin,Waddle,Wilson,Gesicki,Dolphins
Prescott,Kamara,Pollard,Lamb,Waddle,Cooper,Callaway,Gesicki,Dolphins
Prescott,Kamara,Pollard,Lamb,Waddle,Cooper,Smith,Gesicki,Dolphins
Prescott,Kamara,Pollard,Lamb,Waddle,Cooper,Carter,Gesicki,Dolphins
Prescott,Kamara,Pollard,Lamb,Waddle,Cooper,Sims,Gesicki,Dolphins
Prescott,Kamara,Pollard,Lamb,Waddle,Cooper,Humphrey,Gesicki,Dolphins
Prescott,Kamara,Pollard,Lamb,Waddle,Gallup,Callaway,Gesicki,Dolphins
Prescott,Kamara,Pollard,Lamb,Waddle,Gallup,Smith,Gesicki,Dolphins
Prescott,Kamara,Pollard,Lamb,Waddle,Gallup,Carter,Gesicki,Dolphins
Prescott,Kamara,Pollard,Lamb,Waddle,Gallup,Sims,Gesicki,Dolphins
Prescott,Kamara,Pollard,Lamb,Waddle,Gallup,Humphrey,Gesicki,Dolphins
Prescott,Elliott,Gibson,Lamb,McLaurin,Waddle,Cooper,Gesicki,Dolphins
Prescott,Elliott,Gibson,Lamb,McLaurin,Waddle,Cooper,Seals-Jones,Dolphins
Prescott,Elliott,Gibson,Lamb,McLaurin,Waddle,Parker,Schultz,Dolphins
Prescott,Elliott,Gibson,Lamb,McLaurin,Waddle,Gallup,Gesicki,Dolphins
Prescott,Elliott,Gibson,Lamb,McLaurin,Waddle,Gallup,Seals-Jones,Dolphins
Prescott,Elliott,Gibson,Lamb,McLaurin,Waddle,Callaway,Schultz,Dolphins
Prescott,Elliott,Gibson,Lamb,McLaurin,Waddle,Smith,Schultz,Dolphins
Prescott,Elliott,Gibson,Lamb,McLaurin,Waddle,Carter,Schultz,Dolphins
Prescott,Elliott,Gibson,Lamb,McLaurin,Waddle,Sims,Schultz,Dolphins
Prescott,Elliott,Gibson,Lamb,McLaurin,Waddle,Humphrey,Schultz,Dolphins
Prescott,Elliott,Gibson,Lamb,McLaurin,Waddle,Wilson,Gesicki,Dolphins
Prescott,Elliott,Gibson,Lamb,McLaurin,Waddle,Wilson,Seals-Jones,Dolphins
Prescott,Elliott,Gibson,Lamb,Waddle,Cooper,Parker,Seals-Jones,Dolphins
Prescott,Elliott,Gibson,Lamb,Waddle,Cooper,Callaway,Gesicki,Dolphins
Prescott,Elliott,Gibson,Lamb,Waddle,Cooper,Callaway,Seals-Jones,Dolphins
Prescott,Elliott,Gibson,Lamb,Waddle,Cooper,Smith,Gesicki,Dolphins
Prescott,Elliott,Gibson,Lamb,Waddle,Cooper,Smith,Seals-Jones,Dolphins
Prescott,Elliott,Gibson,Lamb,Waddle,Cooper,Carter,Gesicki,Dolphins
Prescott,Elliott,Gibson,Lamb,Waddle,Cooper,Carter,Seals-Jones,Dolphins
Prescott,Elliott,Gibson,Lamb,Waddle,Cooper,Sims,Gesicki,Dolphins
Prescott,Elliott,Gibson,Lamb,Waddle,Cooper,Sims,Seals-Jones,Dolphins
Prescott,Elliott,Gibson,Lamb,Waddle,Cooper,Humphrey,Gesicki,Dolphins
Prescott,Elliott,Gibson,Lamb,Waddle,Cooper,Humphrey,Seals-Jones,Dolphins
Prescott,Elliott,Gibson,Lamb,Waddle,Parker,Gallup,Seals-Jones,Dolphins
Prescott,Elliott,Gibson,Lamb,Waddle,Parker,Callaway,Schultz,Dolphins
Prescott,Elliott,Gibson,Lamb,Waddle,Parker,Smith,Schultz,Dolphins
Prescott,Elliott,Gibson,Lamb,Waddle,Parker,Carter,Schultz,Dolphins
Prescott,Elliott,Gibson,Lamb,Waddle,Parker,Sims,Schultz,Dolphins
Prescott,Elliott,Gibson,Lamb,Waddle,Parker,Humphrey,Schultz,Dolphins
Prescott,Elliott,Gibson,Lamb,Waddle,Gallup,Callaway,Gesicki,Dolphins
Prescott,Elliott,Gibson,Lamb,Waddle,Gallup,Callaway,Seals-Jones,Dolphins
Prescott,Elliott,Gibson,Lamb,Waddle,Gallup,Smith,Gesicki,Dolphins
Prescott,Elliott,Gibson,Lamb,Waddle,Gallup,Smith,Seals-Jones,Dolphins
Prescott,Elliott,Gibson,Lamb,Waddle,Gallup,Carter,Gesicki,Dolphins
Prescott,Elliott,Gibson,Lamb,Waddle,Gallup,Carter,Seals-Jones,Dolphins
Prescott,Elliott,Gibson,Lamb,Waddle,Gallup,Sims,Gesicki,Dolphins
Prescott,Elliott,Gibson,Lamb,Waddle,Gallup,Sims,Seals-Jones,Dolphins
Prescott,Elliott,Gibson,Lamb,Waddle,Gallup,Humphrey,Gesicki,Dolphins
Prescott,Elliott,Gibson,Lamb,Waddle,Gallup,Humphrey,Seals-Jones,Dolphins
Prescott,Elliott,Gibson,Lamb,Waddle,Callaway,Smith,Schultz,Dolphins
Prescott,Elliott,Gibson,Lamb,Waddle,Callaway,Carter,Schultz,Dolphins
Prescott,Elliott,Gibson,Lamb,Waddle,Callaway,Sims,Schultz,Dolphins
Prescott,Elliott,Gibson,Lamb,Waddle,Callaway,Humphrey,Schultz,Dolphins
Prescott,Elliott,Gibson,Lamb,Waddle,Callaway,Wilson,Gesicki,Dolphins
Prescott,Elliott,Gibson,Lamb,Waddle,Smith,Carter,Schultz,Dolphins
Prescott,Elliott,Gibson,Lamb,Waddle,Smith,Sims,Schultz,Dolphins
Prescott,Elliott,Gibson,Lamb,Waddle,Smith,Humphrey,Schultz,Dolphins
Prescott,Elliott,Gibson,Lamb,Waddle,Smith,Wilson,Gesicki,Dolphins
Prescott,Elliott,Gibson,Lamb,Waddle,Carter,Humphrey,Schultz,Dolphins
Prescott,Elliott,Gibson,Lamb,Waddle,Carter,Wilson,Gesicki,Dolphins
Prescott,Elliott,Gibson,Lamb,Waddle,Sims,Humphrey,Schultz,Dolphins
Prescott,Elliott,Gibson,Lamb,Waddle,Sims,Wilson,Gesicki,Dolphins
Prescott,Elliott,Gibson,Lamb,Waddle,Humphrey,Wilson,Gesicki,Dolphins
Prescott,Elliott,Pollard,Lamb,McLaurin,Waddle,Callaway,Gesicki,Dolphins
Prescott,Elliott,Pollard,Lamb,McLaurin,Waddle,Smith,Gesicki,Dolphins
Prescott,Elliott,Pollard,Lamb,McLaurin,Waddle,Carter,Gesicki,Dolphins
Prescott,Elliott,Pollard,Lamb,McLaurin,Waddle,Sims,Gesicki,Dolphins
Prescott,Elliott,Pollard,Lamb,McLaurin,Waddle,Humphrey,Gesicki,Dolphins
Prescott,Elliott,Gaskin,Lamb,McLaurin,Waddle,Cooper,Seals-Jones,Dolphins
Prescott,Elliott,Gaskin,Lamb,McLaurin,Waddle,Gallup,Seals-Jones,Dolphins
Prescott,Elliott,Gaskin,Lamb,McLaurin,Waddle,Callaway,Schultz,Dolphins
Prescott,Elliott,Gaskin,Lamb,McLaurin,Waddle,Smith,Schultz,Dolphins
Prescott,Elliott,Gaskin,Lamb,McLaurin,Waddle,Carter,Schultz,Dolphins
Prescott,Elliott,Gaskin,Lamb,McLaurin,Waddle,Sims,Schultz,Dolphins
Prescott,Elliott,Gaskin,Lamb,McLaurin,Waddle,Humphrey,Schultz,Dolphins
Prescott,Elliott,Gaskin,Lamb,McLaurin,Waddle,Wilson,Seals-Jones,Dolphins
Prescott,Elliott,Gaskin,Lamb,Waddle,Cooper,Callaway,Seals-Jones,Dolphins
Prescott,Elliott,Gaskin,Lamb,Waddle,Cooper,Smith,Seals-Jones,Dolphins
Prescott,Elliott,Gaskin,Lamb,Waddle,Cooper,Carter,Seals-Jones,Dolphins
Prescott,Elliott,Gaskin,Lamb,Waddle,Cooper,Sims,Seals-Jones,Dolphins
Prescott,Elliott,Gaskin,Lamb,Waddle,Cooper,Humphrey,Seals-Jones,Dolphins
Prescott,Elliott,Gaskin,Lamb,Waddle,Gallup,Callaway,Seals-Jones,Dolphins
Prescott,Elliott,Gaskin,Lamb,Waddle,Gallup,Smith,Seals-Jones,Dolphins
Prescott,Elliott,Gaskin,Lamb,Waddle,Gallup,Carter,Seals-Jones,Dolphins
Prescott,Elliott,Gaskin,Lamb,Waddle,Gallup,Sims,Seals-Jones,Dolphins
Prescott,Elliott,Gaskin,Lamb,Waddle,Gallup,Humphrey,Seals-Jones,Dolphins
Prescott,Elliott,Gaskin,Lamb,Waddle,Callaway,Smith,Schultz,Dolphins
Prescott,Elliott,Gaskin,Lamb,Waddle,Callaway,Carter,Schultz,Dolphins
Prescott,Elliott,Gaskin,Lamb,Waddle,Callaway,Sims,Schultz,Dolphins
Prescott,Elliott,Gaskin,Lamb,Waddle,Callaway,Humphrey,Schultz,Dolphins
Prescott,Elliott,Gaskin,Lamb,Waddle,Smith,Carter,Schultz,Dolphins
Prescott,Elliott,Gaskin,Lamb,Waddle,Smith,Sims,Schultz,Dolphins
Prescott,Elliott,Gaskin,Lamb,Waddle,Smith,Humphrey,Schultz,Dolphins
Prescott,Elliott,Gaskin,Lamb,Waddle,Carter,Humphrey,Schultz,Dolphins
Prescott,Elliott,Gaskin,Lamb,Waddle,Sims,Humphrey,Schultz,Dolphins
Prescott,Elliott,Johnson,Lamb,McLaurin,Waddle,Cooper,Seals-Jones,Dolphins
Prescott,Elliott,Johnson,Lamb,McLaurin,Waddle,Gallup,Seals-Jones,Dolphins
Prescott,Elliott,Johnson,Lamb,McLaurin,Waddle,Callaway,Schultz,Dolphins
Prescott,Elliott,Johnson,Lamb,McLaurin,Waddle,Smith,Schultz,Dolphins
Prescott,Elliott,Johnson,Lamb,McLaurin,Waddle,Carter,Schultz,Dolphins
Prescott,Elliott,Johnson,Lamb,McLaurin,Waddle,Sims,Schultz,Dolphins
Prescott,Elliott,Johnson,Lamb,McLaurin,Waddle,Humphrey,Schultz,Dolphins
Prescott,Elliott,Johnson,Lamb,McLaurin,Waddle,Wilson,Seals-Jones,Dolphins
Prescott,Elliott,Johnson,Lamb,Waddle,Cooper,Callaway,Seals-Jones,Dolphins
Prescott,Elliott,Johnson,Lamb,Waddle,Cooper,Smith,Seals-Jones,Dolphins
Prescott,Elliott,Johnson,Lamb,Waddle,Cooper,Carter,Seals-Jones,Dolphins
Prescott,Elliott,Johnson,Lamb,Waddle,Cooper,Sims,Seals-Jones,Dolphins
Prescott,Elliott,Johnson,Lamb,Waddle,Cooper,Humphrey,Seals-Jones,Dolphins
Prescott,Elliott,Johnson,Lamb,Waddle,Gallup,Callaway,Seals-Jones,Dolphins
Prescott,Elliott,Johnson,Lamb,Waddle,Gallup,Smith,Seals-Jones,Dolphins
Prescott,Elliott,Johnson,Lamb,Waddle,Gallup,Carter,Seals-Jones,Dolphins
Prescott,Elliott,Johnson,Lamb,Waddle,Gallup,Sims,Seals-Jones,Dolphins
Prescott,Elliott,Johnson,Lamb,Waddle,Gallup,Humphrey,Seals-Jones,Dolphins
Prescott,Elliott,Johnson,Lamb,Waddle,Callaway,Smith,Schultz,Dolphins
Prescott,Elliott,Johnson,Lamb,Waddle,Callaway,Carter,Schultz,Dolphins
Prescott,Elliott,Johnson,Lamb,Waddle,Callaway,Sims,Schultz,Dolphins
Prescott,Elliott,Johnson,Lamb,Waddle,Callaway,Humphrey,Schultz,Dolphins
Prescott,Elliott,Johnson,Lamb,Waddle,Smith,Carter,Schultz,Dolphins
Prescott,Elliott,Johnson,Lamb,Waddle,Smith,Sims,Schultz,Dolphins
Prescott,Elliott,Johnson,Lamb,Waddle,Smith,Humphrey,Schultz,Dolphins
Prescott,Elliott,Johnson,Lamb,Waddle,Carter,Humphrey,Schultz,Dolphins
Prescott,Elliott,Johnson,Lamb,Waddle,Sims,Humphrey,Schultz,Dolphins
Prescott,Elliott,Ingram II,Lamb,McLaurin,Waddle,Cooper,Gesicki,Dolphins
Prescott,Elliott,Ingram II,Lamb,McLaurin,Waddle,Cooper,Seals-Jones,Dolphins
Prescott,Elliott,Ingram II,Lamb,McLaurin,Waddle,Parker,Schultz,Dolphins
Prescott,Elliott,Ingram II,Lamb,McLaurin,Waddle,Gallup,Gesicki,Dolphins
Prescott,Elliott,Ingram II,Lamb,McLaurin,Waddle,Gallup,Seals-Jones,Dolphins
Prescott,Elliott,Ingram II,Lamb,McLaurin,Waddle,Callaway,Schultz,Dolphins
Prescott,Elliott,Ingram II,Lamb,McLaurin,Waddle,Smith,Schultz,Dolphins
Prescott,Elliott,Ingram II,Lamb,McLaurin,Waddle,Carter,Schultz,Dolphins
Prescott,Elliott,Ingram II,Lamb,McLaurin,Waddle,Sims,Schultz,Dolphins
Prescott,Elliott,Ingram II,Lamb,McLaurin,Waddle,Humphrey,Schultz,Dolphins
Prescott,Elliott,Ingram II,Lamb,McLaurin,Waddle,Wilson,Gesicki,Dolphins
Prescott,Elliott,Ingram II,Lamb,Waddle,Cooper,Callaway,Gesicki,Dolphins
Prescott,Elliott,Ingram II,Lamb,Waddle,Cooper,Smith,Gesicki,Dolphins
Prescott,Elliott,Ingram II,Lamb,Waddle,Cooper,Carter,Gesicki,Dolphins
Prescott,Elliott,Ingram II,Lamb,Waddle,Cooper,Sims,Gesicki,Dolphins
Prescott,Elliott,Ingram II,Lamb,Waddle,Cooper,Humphrey,Gesicki,Dolphins
Prescott,Elliott,Ingram II,Lamb,Waddle,Gallup,Callaway,Gesicki,Dolphins
Prescott,Elliott,Ingram II,Lamb,Waddle,Gallup,Smith,Gesicki,Dolphins
Prescott,Elliott,Ingram II,Lamb,Waddle,Gallup,Carter,Gesicki,Dolphins
Prescott,Elliott,Ingram II,Lamb,Waddle,Gallup,Sims,Gesicki,Dolphins
Prescott,Elliott,Ingram II,Lamb,Waddle,Gallup,Humphrey,Gesicki,Dolphins
Prescott,Elliott,Patterson,Lamb,McLaurin,Waddle,Cooper,Gesicki,Dolphins
Prescott,Elliott,Patterson,Lamb,McLaurin,Waddle,Cooper,Seals-Jones,Dolphins
Prescott,Elliott,Patterson,Lamb,McLaurin,Waddle,Parker,Schultz,Dolphins
Prescott,Elliott,Patterson,Lamb,McLaurin,Waddle,Gallup,Gesicki,Dolphins
Prescott,Elliott,Patterson,Lamb,McLaurin,Waddle,Gallup,Seals-Jones,Dolphins
Prescott,Elliott,Patterson,Lamb,McLaurin,Waddle,Callaway,Schultz,Dolphins
Prescott,Elliott,Patterson,Lamb,McLaurin,Waddle,Smith,Schultz,Dolphins
Prescott,Elliott,Patterson,Lamb,McLaurin,Waddle,Carter,Schultz,Dolphins
Prescott,Elliott,Patterson,Lamb,McLaurin,Waddle,Sims,Schultz,Dolphins
Prescott,Elliott,Patterson,Lamb,McLaurin,Waddle,Humphrey,Schultz,Dolphins
Prescott,Elliott,Patterson,Lamb,McLaurin,Waddle,Wilson,Gesicki,Dolphins
Prescott,Elliott,Patterson,Lamb,McLaurin,Waddle,Wilson,Seals-Jones,Dolphins
Prescott,Elliott,Patterson,Lamb,Waddle,Cooper,Parker,Seals-Jones,Dolphins
Prescott,Elliott,Patterson,Lamb,Waddle,Cooper,Callaway,Gesicki,Dolphins
Prescott,Elliott,Patterson,Lamb,Waddle,Cooper,Callaway,Seals-Jones,Dolphins
Prescott,Elliott,Patterson,Lamb,Waddle,Cooper,Smith,Gesicki,Dolphins
Prescott,Elliott,Patterson,Lamb,Waddle,Cooper,Smith,Seals-Jones,Dolphins
Prescott,Elliott,Patterson,Lamb,Waddle,Cooper,Carter,Gesicki,Dolphins
Prescott,Elliott,Patterson,Lamb,Waddle,Cooper,Carter,Seals-Jones,Dolphins
Prescott,Elliott,Patterson,Lamb,Waddle,Cooper,Sims,Gesicki,Dolphins
Prescott,Elliott,Patterson,Lamb,Waddle,Cooper,Sims,Seals-Jones,Dolphins
Prescott,Elliott,Patterson,Lamb,Waddle,Cooper,Humphrey,Gesicki,Dolphins
Prescott,Elliott,Patterson,Lamb,Waddle,Cooper,Humphrey,Seals-Jones,Dolphins
Prescott,Elliott,Patterson,Lamb,Waddle,Parker,Gallup,Seals-Jones,Dolphins
Prescott,Elliott,Patterson,Lamb,Waddle,Parker,Callaway,Schultz,Dolphins
Prescott,Elliott,Patterson,Lamb,Waddle,Parker,Smith,Schultz,Dolphins
Prescott,Elliott,Patterson,Lamb,Waddle,Parker,Carter,Schultz,Dolphins
Prescott,Elliott,Patterson,Lamb,Waddle,Parker,Sims,Schultz,Dolphins
Prescott,Elliott,Patterson,Lamb,Waddle,Parker,Humphrey,Schultz,Dolphins
Prescott,Elliott,Patterson,Lamb,Waddle,Gallup,Callaway,Gesicki,Dolphins
Prescott,Elliott,Patterson,Lamb,Waddle,Gallup,Callaway,Seals-Jones,Dolphins
Prescott,Elliott,Patterson,Lamb,Waddle,Gallup,Smith,Gesicki,Dolphins
Prescott,Elliott,Patterson,Lamb,Waddle,Gallup,Smith,Seals-Jones,Dolphins
Prescott,Elliott,Patterson,Lamb,Waddle,Gallup,Carter,Gesicki,Dolphins
Prescott,Elliott,Patterson,Lamb,Waddle,Gallup,Carter,Seals-Jones,Dolphins
Prescott,Elliott,Patterson,Lamb,Waddle,Gallup,Sims,Gesicki,Dolphins
Prescott,Elliott,Patterson,Lamb,Waddle,Gallup,Sims,Seals-Jones,Dolphins
Prescott,Elliott,Patterson,Lamb,Waddle,Gallup,Humphrey,Gesicki,Dolphins
Prescott,Elliott,Patterson,Lamb,Waddle,Gallup,Humphrey,Seals-Jones,Dolphins
Prescott,Elliott,Patterson,Lamb,Waddle,Callaway,Smith,Schultz,Dolphins
Prescott,Elliott,Patterson,Lamb,Waddle,Callaway,Carter,Schultz,Dolphins
Prescott,Elliott,Patterson,Lamb,Waddle,Callaway,Sims,Schultz,Dolphins
Prescott,Elliott,Patterson,Lamb,Waddle,Callaway,Humphrey,Schultz,Dolphins
Prescott,Elliott,Patterson,Lamb,Waddle,Callaway,Wilson,Gesicki,Dolphins
Prescott,Elliott,Patterson,Lamb,Waddle,Smith,Carter,Schultz,Dolphins
Prescott,Elliott,Patterson,Lamb,Waddle,Smith,Sims,Schultz,Dolphins
Prescott,Elliott,Patterson,Lamb,Waddle,Smith,Humphrey,Schultz,Dolphins
Prescott,Elliott,Patterson,Lamb,Waddle,Smith,Wilson,Gesicki,Dolphins
Prescott,Elliott,Patterson,Lamb,Waddle,Carter,Humphrey,Schultz,Dolphins
Prescott,Elliott,Patterson,Lamb,Waddle,Carter,Wilson,Gesicki,Dolphins
Prescott,Elliott,Patterson,Lamb,Waddle,Sims,Humphrey,Schultz,Dolphins
Prescott,Elliott,Patterson,Lamb,Waddle,Sims,Wilson,Gesicki,Dolphins
Prescott,Elliott,Patterson,Lamb,Waddle,Humphrey,Wilson,Gesicki,Dolphins
Prescott,Gibson,Pollard,Lamb,McLaurin,Waddle,Cooper,Gesicki,Dolphins
Prescott,Gibson,Pollard,Lamb,McLaurin,Waddle,Cooper,Seals-Jones,Dolphins
Prescott,Gibson,Pollard,Lamb,McLaurin,Waddle,Parker,Schultz,Dolphins
Prescott,Gibson,Pollard,Lamb,McLaurin,Waddle,Gallup,Gesicki,Dolphins
Prescott,Gibson,Pollard,Lamb,McLaurin,Waddle,Gallup,Seals-Jones,Dolphins
Prescott,Gibson,Pollard,Lamb,McLaurin,Waddle,Callaway,Schultz,Dolphins
Prescott,Gibson,Pollard,Lamb,McLaurin,Waddle,Smith,Schultz,Dolphins
Prescott,Gibson,Pollard,Lamb,McLaurin,Waddle,Carter,Schultz,Dolphins
Prescott,Gibson,Pollard,Lamb,McLaurin,Waddle,Sims,Schultz,Dolphins
Prescott,Gibson,Pollard,Lamb,McLaurin,Waddle,Humphrey,Schultz,Dolphins
Prescott,Gibson,Pollard,Lamb,McLaurin,Waddle,Wilson,Gesicki,Dolphins
Prescott,Gibson,Pollard,Lamb,Waddle,Cooper,Callaway,Gesicki,Dolphins
Prescott,Gibson,Pollard,Lamb,Waddle,Cooper,Smith,Gesicki,Dolphins
Prescott,Gibson,Pollard,Lamb,Waddle,Cooper,Carter,Gesicki,Dolphins
Prescott,Gibson,Pollard,Lamb,Waddle,Cooper,Sims,Gesicki,Dolphins
Prescott,Gibson,Pollard,Lamb,Waddle,Cooper,Humphrey,Gesicki,Dolphins
Prescott,Gibson,Pollard,Lamb,Waddle,Gallup,Callaway,Gesicki,Dolphins
Prescott,Gibson,Pollard,Lamb,Waddle,Gallup,Smith,Gesicki,Dolphins
Prescott,Gibson,Pollard,Lamb,Waddle,Gallup,Carter,Gesicki,Dolphins
Prescott,Gibson,Pollard,Lamb,Waddle,Gallup,Sims,Gesicki,Dolphins
Prescott,Gibson,Pollard,Lamb,Waddle,Gallup,Humphrey,Gesicki,Dolphins
Prescott,Pollard,Gaskin,Lamb,McLaurin,Waddle,Cooper,Seals-Jones,Dolphins
Prescott,Pollard,Gaskin,Lamb,McLaurin,Waddle,Gallup,Seals-Jones,Dolphins
Prescott,Pollard,Gaskin,Lamb,McLaurin,Waddle,Callaway,Schultz,Dolphins
Prescott,Pollard,Gaskin,Lamb,McLaurin,Waddle,Smith,Schultz,Dolphins
Prescott,Pollard,Gaskin,Lamb,McLaurin,Waddle,Carter,Schultz,Dolphins
Prescott,Pollard,Gaskin,Lamb,McLaurin,Waddle,Sims,Schultz,Dolphins
Prescott,Pollard,Gaskin,Lamb,McLaurin,Waddle,Humphrey,Schultz,Dolphins
Prescott,Pollard,Johnson,Lamb,McLaurin,Waddle,Cooper,Seals-Jones,Dolphins
Prescott,Pollard,Johnson,Lamb,McLaurin,Waddle,Gallup,Seals-Jones,Dolphins
Prescott,Pollard,Johnson,Lamb,McLaurin,Waddle,Callaway,Schultz,Dolphins
Prescott,Pollard,Johnson,Lamb,McLaurin,Waddle,Smith,Schultz,Dolphins
Prescott,Pollard,Johnson,Lamb,McLaurin,Waddle,Carter,Schultz,Dolphins
Prescott,Pollard,Johnson,Lamb,McLaurin,Waddle,Sims,Schultz,Dolphins
Prescott,Pollard,Johnson,Lamb,McLaurin,Waddle,Humphrey,Schultz,Dolphins
Prescott,Pollard,Ingram II,Lamb,McLaurin,Waddle,Cooper,Gesicki,Dolphins
Prescott,Pollard,Ingram II,Lamb,McLaurin,Waddle,Gallup,Gesicki,Dolphins
Prescott,Pollard,Patterson,Lamb,McLaurin,Waddle,Cooper,Gesicki,Dolphins
Prescott,Pollard,Patterson,Lamb,McLaurin,Waddle,Cooper,Seals-Jones,Dolphins
Prescott,Pollard,Patterson,Lamb,McLaurin,Waddle,Parker,Schultz,Dolphins
Prescott,Pollard,Patterson,Lamb,McLaurin,Waddle,Gallup,Gesicki,Dolphins
Prescott,Pollard,Patterson,Lamb,McLaurin,Waddle,Gallup,Seals-Jones,Dolphins
Prescott,Pollard,Patterson,Lamb,McLaurin,Waddle,Callaway,Schultz,Dolphins
Prescott,Pollard,Patterson,Lamb,McLaurin,Waddle,Smith,Schultz,Dolphins
Prescott,Pollard,Patterson,Lamb,McLaurin,Waddle,Carter,Schultz,Dolphins
Prescott,Pollard,Patterson,Lamb,McLaurin,Waddle,Sims,Schultz,Dolphins
Prescott,Pollard,Patterson,Lamb,McLaurin,Waddle,Humphrey,Schultz,Dolphins
Prescott,Pollard,Patterson,Lamb,McLaurin,Waddle,Wilson,Gesicki,Dolphins
Prescott,Pollard,Patterson,Lamb,Waddle,Cooper,Callaway,Gesicki,Dolphins
Prescott,Pollard,Patterson,Lamb,Waddle,Cooper,Smith,Gesicki,Dolphins
Prescott,Pollard,Patterson,Lamb,Waddle,Cooper,Carter,Gesicki,Dolphins
Prescott,Pollard,Patterson,Lamb,Waddle,Cooper,Sims,Gesicki,Dolphins
Prescott,Pollard,Patterson,Lamb,Waddle,Cooper,Humphrey,Gesicki,Dolphins
Prescott,Pollard,Patterson,Lamb,Waddle,Gallup,Callaway,Gesicki,Dolphins
Prescott,Pollard,Patterson,Lamb,Waddle,Gallup,Smith,Gesicki,Dolphins
Prescott,Pollard,Patterson,Lamb,Waddle,Gallup,Carter,Gesicki,Dolphins
Prescott,Pollard,Patterson,Lamb,Waddle,Gallup,Sims,Gesicki,Dolphins
Prescott,Pollard,Patterson,Lamb,Waddle,Gallup,Humphrey,Gesicki,Dolphins
Prescott,Kamara,Elliott,Gibson,Lamb,Waddle,Cooper,Seals-Jones,Dolphins
Prescott,Kamara,Elliott,Gibson,Lamb,Waddle,Parker,Schultz,Dolphins
Prescott,Kamara,Elliott,Gibson,Lamb,Waddle,Gallup,Gesicki,Dolphins
Prescott,Kamara,Elliott,Gibson,Lamb,Waddle,Gallup,Seals-Jones,Dolphins
Prescott,Kamara,Elliott,Gibson,Lamb,Waddle,Callaway,Schultz,Dolphins
Prescott,Kamara,Elliott,Gibson,Lamb,Waddle,Smith,Schultz,Dolphins
Prescott,Kamara,Elliott,Gibson,Lamb,Waddle,Carter,Schultz,Dolphins
Prescott,Kamara,Elliott,Gibson,Lamb,Waddle,Sims,Schultz,Dolphins
Prescott,Kamara,Elliott,Gibson,Lamb,Waddle,Humphrey,Schultz,Dolphins
Prescott,Kamara,Elliott,Gibson,Lamb,Waddle,Wilson,Gesicki,Dolphins
Prescott,Kamara,Elliott,Gibson,Lamb,Waddle,Wilson,Seals-Jones,Dolphins
Prescott,Kamara,Elliott,Pollard,Lamb,McLaurin,Waddle,Gesicki,Dolphins
Prescott,Kamara,Elliott,Pollard,Lamb,McLaurin,Waddle,Seals-Jones,Dolphins
Prescott,Kamara,Elliott,Pollard,Lamb,Waddle,Callaway,Gesicki,Dolphins
Prescott,Kamara,Elliott,Pollard,Lamb,Waddle,Smith,Gesicki,Dolphins
Prescott,Kamara,Elliott,Pollard,Lamb,Waddle,Carter,Gesicki,Dolphins
Prescott,Kamara,Elliott,Pollard,Lamb,Waddle,Sims,Gesicki,Dolphins
Prescott,Kamara,Elliott,Pollard,Lamb,Waddle,Humphrey,Gesicki,Dolphins
Prescott,Kamara,Elliott,Gaskin,Lamb,McLaurin,Waddle,Schultz,Dolphins
Prescott,Kamara,Elliott,Gaskin,Lamb,Waddle,Cooper,Seals-Jones,Dolphins
Prescott,Kamara,Elliott,Gaskin,Lamb,Waddle,Gallup,Seals-Jones,Dolphins
Prescott,Kamara,Elliott,Gaskin,Lamb,Waddle,Callaway,Schultz,Dolphins
Prescott,Kamara,Elliott,Gaskin,Lamb,Waddle,Smith,Schultz,Dolphins
Prescott,Kamara,Elliott,Gaskin,Lamb,Waddle,Carter,Schultz,Dolphins
Prescott,Kamara,Elliott,Gaskin,Lamb,Waddle,Sims,Schultz,Dolphins
Prescott,Kamara,Elliott,Gaskin,Lamb,Waddle,Humphrey,Schultz,Dolphins
Prescott,Kamara,Elliott,Gaskin,Lamb,Waddle,Wilson,Seals-Jones,Dolphins
Prescott,Kamara,Elliott,Johnson,Lamb,McLaurin,Waddle,Schultz,Dolphins
Prescott,Kamara,Elliott,Johnson,Lamb,Waddle,Cooper,Seals-Jones,Dolphins
Prescott,Kamara,Elliott,Johnson,Lamb,Waddle,Gallup,Seals-Jones,Dolphins
Prescott,Kamara,Elliott,Johnson,Lamb,Waddle,Callaway,Schultz,Dolphins
Prescott,Kamara,Elliott,Johnson,Lamb,Waddle,Smith,Schultz,Dolphins
Prescott,Kamara,Elliott,Johnson,Lamb,Waddle,Carter,Schultz,Dolphins
Prescott,Kamara,Elliott,Johnson,Lamb,Waddle,Sims,Schultz,Dolphins
Prescott,Kamara,Elliott,Johnson,Lamb,Waddle,Humphrey,Schultz,Dolphins
Prescott,Kamara,Elliott,Johnson,Lamb,Waddle,Wilson,Seals-Jones,Dolphins
Prescott,Kamara,Elliott,Patterson,Lamb,McLaurin,Waddle,Schultz,Dolphins
Prescott,Kamara,Elliott,Patterson,Lamb,Waddle,Cooper,Gesicki,Dolphins
Prescott,Kamara,Elliott,Patterson,Lamb,Waddle,Cooper,Seals-Jones,Dolphins
Prescott,Kamara,Elliott,Patterson,Lamb,Waddle,Parker,Schultz,Dolphins
Prescott,Kamara,Elliott,Patterson,Lamb,Waddle,Gallup,Gesicki,Dolphins
Prescott,Kamara,Elliott,Patterson,Lamb,Waddle,Gallup,Seals-Jones,Dolphins
Prescott,Kamara,Elliott,Patterson,Lamb,Waddle,Callaway,Schultz,Dolphins
Prescott,Kamara,Elliott,Patterson,Lamb,Waddle,Smith,Schultz,Dolphins
Prescott,Kamara,Elliott,Patterson,Lamb,Waddle,Carter,Schultz,Dolphins
Prescott,Kamara,Elliott,Patterson,Lamb,Waddle,Sims,Schultz,Dolphins
Prescott,Kamara,Elliott,Patterson,Lamb,Waddle,Humphrey,Schultz,Dolphins
Prescott,Kamara,Elliott,Patterson,Lamb,Waddle,Wilson,Gesicki,Dolphins
Prescott,Kamara,Elliott,Patterson,Lamb,Waddle,Wilson,Seals-Jones,Dolphins
Prescott,Kamara,Gibson,Pollard,Lamb,McLaurin,Waddle,Schultz,Dolphins
Prescott,Kamara,Gibson,Pollard,Lamb,Waddle,Cooper,Gesicki,Dolphins
Prescott,Kamara,Gibson,Pollard,Lamb,Waddle,Cooper,Seals-Jones,Dolphins
Prescott,Kamara,Gibson,Pollard,Lamb,Waddle,Parker,Schultz,Dolphins
Prescott,Kamara,Gibson,Pollard,Lamb,Waddle,Gallup,Gesicki,Dolphins
Prescott,Kamara,Gibson,Pollard,Lamb,Waddle,Gallup,Seals-Jones,Dolphins
Prescott,Kamara,Gibson,Pollard,Lamb,Waddle,Callaway,Schultz,Dolphins
Prescott,Kamara,Gibson,Pollard,Lamb,Waddle,Smith,Schultz,Dolphins
Prescott,Kamara,Gibson,Pollard,Lamb,Waddle,Carter,Schultz,Dolphins
Prescott,Kamara,Gibson,Pollard,Lamb,Waddle,Sims,Schultz,Dolphins
Prescott,Kamara,Gibson,Pollard,Lamb,Waddle,Humphrey,Schultz,Dolphins
Prescott,Kamara,Gibson,Pollard,Lamb,Waddle,Wilson,Gesicki,Dolphins
Prescott,Kamara,Pollard,Gaskin,Lamb,McLaurin,Waddle,Schultz,Dolphins
Prescott,Kamara,Pollard,Gaskin,Lamb,Waddle,Cooper,Seals-Jones,Dolphins
Prescott,Kamara,Pollard,Gaskin,Lamb,Waddle,Gallup,Seals-Jones,Dolphins
Prescott,Kamara,Pollard,Gaskin,Lamb,Waddle,Callaway,Schultz,Dolphins
Prescott,Kamara,Pollard,Gaskin,Lamb,Waddle,Smith,Schultz,Dolphins
Prescott,Kamara,Pollard,Gaskin,Lamb,Waddle,Carter,Schultz,Dolphins
Prescott,Kamara,Pollard,Gaskin,Lamb,Waddle,Sims,Schultz,Dolphins
Prescott,Kamara,Pollard,Gaskin,Lamb,Waddle,Humphrey,Schultz,Dolphins
Prescott,Kamara,Pollard,Johnson,Lamb,McLaurin,Waddle,Schultz,Dolphins
Prescott,Kamara,Pollard,Johnson,Lamb,Waddle,Cooper,Seals-Jones,Dolphins
Prescott,Kamara,Pollard,Johnson,Lamb,Waddle,Gallup,Seals-Jones,Dolphins
Prescott,Kamara,Pollard,Johnson,Lamb,Waddle,Callaway,Schultz,Dolphins
Prescott,Kamara,Pollard,Johnson,Lamb,Waddle,Smith,Schultz,Dolphins
Prescott,Kamara,Pollard,Johnson,Lamb,Waddle,Carter,Schultz,Dolphins
Prescott,Kamara,Pollard,Johnson,Lamb,Waddle,Sims,Schultz,Dolphins
Prescott,Kamara,Pollard,Johnson,Lamb,Waddle,Humphrey,Schultz,Dolphins
Prescott,Kamara,Pollard,Patterson,Lamb,McLaurin,Waddle,Schultz,Dolphins
Prescott,Kamara,Pollard,Patterson,Lamb,Waddle,Cooper,Gesicki,Dolphins
Prescott,Kamara,Pollard,Patterson,Lamb,Waddle,Cooper,Seals-Jones,Dolphins
Prescott,Kamara,Pollard,Patterson,Lamb,Waddle,Parker,Schultz,Dolphins
Prescott,Kamara,Pollard,Patterson,Lamb,Waddle,Gallup,Gesicki,Dolphins
Prescott,Kamara,Pollard,Patterson,Lamb,Waddle,Gallup,Seals-Jones,Dolphins
Prescott,Kamara,Pollard,Patterson,Lamb,Waddle,Callaway,Schultz,Dolphins
Prescott,Kamara,Pollard,Patterson,Lamb,Waddle,Smith,Schultz,Dolphins
Prescott,Kamara,Pollard,Patterson,Lamb,Waddle,Carter,Schultz,Dolphins
Prescott,Kamara,Pollard,Patterson,Lamb,Waddle,Sims,Schultz,Dolphins
Prescott,Kamara,Pollard,Patterson,Lamb,Waddle,Humphrey,Schultz,Dolphins
Prescott,Kamara,Pollard,Patterson,Lamb,Waddle,Wilson,Gesicki,Dolphins
Prescott,Elliott,Gibson,Pollard,Lamb,McLaurin,Waddle,Gesicki,Dolphins
Prescott,Elliott,Gibson,Pollard,Lamb,McLaurin,Waddle,Seals-Jones,Dolphins
Prescott,Elliott,Gibson,Pollard,Lamb,Waddle,Callaway,Gesicki,Dolphins
Prescott,Elliott,Gibson,Pollard,Lamb,Waddle,Smith,Gesicki,Dolphins
Prescott,Elliott,Gibson,Pollard,Lamb,Waddle,Carter,Gesicki,Dolphins
Prescott,Elliott,Gibson,Pollard,Lamb,Waddle,Sims,Gesicki,Dolphins
Prescott,Elliott,Gibson,Pollard,Lamb,Waddle,Humphrey,Gesicki,Dolphins
Prescott,Elliott,Gibson,Gaskin,Lamb,McLaurin,Waddle,Schultz,Dolphins
Prescott,Elliott,Gibson,Gaskin,Lamb,Waddle,Cooper,Seals-Jones,Dolphins
Prescott,Elliott,Gibson,Gaskin,Lamb,Waddle,Gallup,Seals-Jones,Dolphins
Prescott,Elliott,Gibson,Gaskin,Lamb,Waddle,Callaway,Schultz,Dolphins
Prescott,Elliott,Gibson,Gaskin,Lamb,Waddle,Smith,Schultz,Dolphins
Prescott,Elliott,Gibson,Gaskin,Lamb,Waddle,Carter,Schultz,Dolphins
Prescott,Elliott,Gibson,Gaskin,Lamb,Waddle,Sims,Schultz,Dolphins
Prescott,Elliott,Gibson,Gaskin,Lamb,Waddle,Humphrey,Schultz,Dolphins
Prescott,Elliott,Gibson,Gaskin,Lamb,Waddle,Wilson,Seals-Jones,Dolphins
Prescott,Elliott,Gibson,Johnson,Lamb,McLaurin,Waddle,Schultz,Dolphins
Prescott,Elliott,Gibson,Johnson,Lamb,Waddle,Cooper,Seals-Jones,Dolphins
Prescott,Elliott,Gibson,Johnson,Lamb,Waddle,Gallup,Seals-Jones,Dolphins
Prescott,Elliott,Gibson,Johnson,Lamb,Waddle,Callaway,Schultz,Dolphins
Prescott,Elliott,Gibson,Johnson,Lamb,Waddle,Smith,Schultz,Dolphins
Prescott,Elliott,Gibson,Johnson,Lamb,Waddle,Carter,Schultz,Dolphins
Prescott,Elliott,Gibson,Johnson,Lamb,Waddle,Sims,Schultz,Dolphins
Prescott,Elliott,Gibson,Johnson,Lamb,Waddle,Humphrey,Schultz,Dolphins
Prescott,Elliott,Gibson,Johnson,Lamb,Waddle,Wilson,Seals-Jones,Dolphins
Prescott,Elliott,Gibson,Ingram II,Lamb,McLaurin,Waddle,Schultz,Dolphins
Prescott,Elliott,Gibson,Ingram II,Lamb,Waddle,Cooper,Gesicki,Dolphins
Prescott,Elliott,Gibson,Ingram II,Lamb,Waddle,Cooper,Seals-Jones,Dolphins
Prescott,Elliott,Gibson,Ingram II,Lamb,Waddle,Parker,Schultz,Dolphins
Prescott,Elliott,Gibson,Ingram II,Lamb,Waddle,Gallup,Gesicki,Dolphins
Prescott,Elliott,Gibson,Ingram II,Lamb,Waddle,Gallup,Seals-Jones,Dolphins
Prescott,Elliott,Gibson,Ingram II,Lamb,Waddle,Callaway,Schultz,Dolphins
Prescott,Elliott,Gibson,Ingram II,Lamb,Waddle,Smith,Schultz,Dolphins
Prescott,Elliott,Gibson,Ingram II,Lamb,Waddle,Carter,Schultz,Dolphins
Prescott,Elliott,Gibson,Ingram II,Lamb,Waddle,Sims,Schultz,Dolphins
Prescott,Elliott,Gibson,Ingram II,Lamb,Waddle,Humphrey,Schultz,Dolphins
Prescott,Elliott,Gibson,Ingram II,Lamb,Waddle,Wilson,Gesicki,Dolphins
Prescott,Elliott,Pollard,Gaskin,Lamb,McLaurin,Waddle,Seals-Jones,Dolphins
Prescott,Elliott,Pollard,Johnson,Lamb,McLaurin,Waddle,Seals-Jones,Dolphins
Prescott,Elliott,Pollard,Ingram II,Lamb,McLaurin,Waddle,Gesicki,Dolphins
Prescott,Elliott,Pollard,Patterson,Lamb,McLaurin,Waddle,Gesicki,Dolphins
Prescott,Elliott,Pollard,Patterson,Lamb,McLaurin,Waddle,Seals-Jones,Dolphins
Prescott,Elliott,Pollard,Patterson,Lamb,Waddle,Callaway,Gesicki,Dolphins
Prescott,Elliott,Pollard,Patterson,Lamb,Waddle,Smith,Gesicki,Dolphins
Prescott,Elliott,Pollard,Patterson,Lamb,Waddle,Carter,Gesicki,Dolphins
Prescott,Elliott,Pollard,Patterson,Lamb,Waddle,Sims,Gesicki,Dolphins
Prescott,Elliott,Pollard,Patterson,Lamb,Waddle,Humphrey,Gesicki,Dolphins
Prescott,Elliott,Gaskin,Ingram II,Lamb,McLaurin,Waddle,Schultz,Dolphins
Prescott,Elliott,Gaskin,Ingram II,Lamb,Waddle,Cooper,Seals-Jones,Dolphins
Prescott,Elliott,Gaskin,Ingram II,Lamb,Waddle,Gallup,Seals-Jones,Dolphins
Prescott,Elliott,Gaskin,Ingram II,Lamb,Waddle,Callaway,Schultz,Dolphins
Prescott,Elliott,Gaskin,Ingram II,Lamb,Waddle,Smith,Schultz,Dolphins
Prescott,Elliott,Gaskin,Ingram II,Lamb,Waddle,Carter,Schultz,Dolphins
Prescott,Elliott,Gaskin,Ingram II,Lamb,Waddle,Sims,Schultz,Dolphins
Prescott,Elliott,Gaskin,Ingram II,Lamb,Waddle,Humphrey,Schultz,Dolphins
Prescott,Elliott,Gaskin,Patterson,Lamb,McLaurin,Waddle,Schultz,Dolphins
Prescott,Elliott,Gaskin,Patterson,Lamb,Waddle,Cooper,Seals-Jones,Dolphins
Prescott,Elliott,Gaskin,Patterson,Lamb,Waddle,Gallup,Seals-Jones,Dolphins
Prescott,Elliott,Gaskin,Patterson,Lamb,Waddle,Callaway,Schultz,Dolphins
Prescott,Elliott,Gaskin,Patterson,Lamb,Waddle,Smith,Schultz,Dolphins
Prescott,Elliott,Gaskin,Patterson,Lamb,Waddle,Carter,Schultz,Dolphins
Prescott,Elliott,Gaskin,Patterson,Lamb,Waddle,Sims,Schultz,Dolphins
Prescott,Elliott,Gaskin,Patterson,Lamb,Waddle,Humphrey,Schultz,Dolphins
Prescott,Elliott,Gaskin,Patterson,Lamb,Waddle,Wilson,Seals-Jones,Dolphins
Prescott,Elliott,Johnson,Ingram II,Lamb,McLaurin,Waddle,Schultz,Dolphins
Prescott,Elliott,Johnson,Ingram II,Lamb,Waddle,Cooper,Seals-Jones,Dolphins
Prescott,Elliott,Johnson,Ingram II,Lamb,Waddle,Gallup,Seals-Jones,Dolphins
Prescott,Elliott,Johnson,Ingram II,Lamb,Waddle,Callaway,Schultz,Dolphins
Prescott,Elliott,Johnson,Ingram II,Lamb,Waddle,Smith,Schultz,Dolphins
Prescott,Elliott,Johnson,Ingram II,Lamb,Waddle,Carter,Schultz,Dolphins
Prescott,Elliott,Johnson,Ingram II,Lamb,Waddle,Sims,Schultz,Dolphins
Prescott,Elliott,Johnson,Ingram II,Lamb,Waddle,Humphrey,Schultz,Dolphins
Prescott,Elliott,Johnson,Patterson,Lamb,McLaurin,Waddle,Schultz,Dolphins
Prescott,Elliott,Johnson,Patterson,Lamb,Waddle,Cooper,Seals-Jones,Dolphins
Prescott,Elliott,Johnson,Patterson,Lamb,Waddle,Gallup,Seals-Jones,Dolphins
Prescott,Elliott,Johnson,Patterson,Lamb,Waddle,Callaway,Schultz,Dolphins
Prescott,Elliott,Johnson,Patterson,Lamb,Waddle,Smith,Schultz,Dolphins
Prescott,Elliott,Johnson,Patterson,Lamb,Waddle,Carter,Schultz,Dolphins
Prescott,Elliott,Johnson,Patterson,Lamb,Waddle,Sims,Schultz,Dolphins
Prescott,Elliott,Johnson,Patterson,Lamb,Waddle,Humphrey,Schultz,Dolphins
Prescott,Elliott,Johnson,Patterson,Lamb,Waddle,Wilson,Seals-Jones,Dolphins
Prescott,Elliott,Ingram II,Patterson,Lamb,McLaurin,Waddle,Schultz,Dolphins
Prescott,Elliott,Ingram II,Patterson,Lamb,Waddle,Cooper,Gesicki,Dolphins
Prescott,Elliott,Ingram II,Patterson,Lamb,Waddle,Cooper,Seals-Jones,Dolphins
Prescott,Elliott,Ingram II,Patterson,Lamb,Waddle,Parker,Schultz,Dolphins
Prescott,Elliott,Ingram II,Patterson,Lamb,Waddle,Gallup,Gesicki,Dolphins
Prescott,Elliott,Ingram II,Patterson,Lamb,Waddle,Gallup,Seals-Jones,Dolphins
Prescott,Elliott,Ingram II,Patterson,Lamb,Waddle,Callaway,Schultz,Dolphins
Prescott,Elliott,Ingram II,Patterson,Lamb,Waddle,Smith,Schultz,Dolphins
Prescott,Elliott,Ingram II,Patterson,Lamb,Waddle,Carter,Schultz,Dolphins
Prescott,Elliott,Ingram II,Patterson,Lamb,Waddle,Sims,Schultz,Dolphins
Prescott,Elliott,Ingram II,Patterson,Lamb,Waddle,Humphrey,Schultz,Dolphins
Prescott,Elliott,Ingram II,Patterson,Lamb,Waddle,Wilson,Gesicki,Dolphins
Prescott,Gibson,Pollard,Gaskin,Lamb,McLaurin,Waddle,Schultz,Dolphins
Prescott,Gibson,Pollard,Gaskin,Lamb,Waddle,Cooper,Seals-Jones,Dolphins
Prescott,Gibson,Pollard,Gaskin,Lamb,Waddle,Gallup,Seals-Jones,Dolphins
Prescott,Gibson,Pollard,Gaskin,Lamb,Waddle,Callaway,Schultz,Dolphins
Prescott,Gibson,Pollard,Gaskin,Lamb,Waddle,Smith,Schultz,Dolphins
Prescott,Gibson,Pollard,Gaskin,Lamb,Waddle,Carter,Schultz,Dolphins
Prescott,Gibson,Pollard,Gaskin,Lamb,Waddle,Sims,Schultz,Dolphins
Prescott,Gibson,Pollard,Gaskin,Lamb,Waddle,Humphrey,Schultz,Dolphins
Prescott,Gibson,Pollard,Johnson,Lamb,McLaurin,Waddle,Schultz,Dolphins
Prescott,Gibson,Pollard,Johnson,Lamb,Waddle,Cooper,Seals-Jones,Dolphins
Prescott,Gibson,Pollard,Johnson,Lamb,Waddle,Gallup,Seals-Jones,Dolphins
Prescott,Gibson,Pollard,Johnson,Lamb,Waddle,Callaway,Schultz,Dolphins
Prescott,Gibson,Pollard,Johnson,Lamb,Waddle,Smith,Schultz,Dolphins
Prescott,Gibson,Pollard,Johnson,Lamb,Waddle,Carter,Schultz,Dolphins
Prescott,Gibson,Pollard,Johnson,Lamb,Waddle,Sims,Schultz,Dolphins
Prescott,Gibson,Pollard,Johnson,Lamb,Waddle,Humphrey,Schultz,Dolphins
Prescott,Gibson,Pollard,Ingram II,Lamb,McLaurin,Waddle,Schultz,Dolphins
Prescott,Gibson,Pollard,Ingram II,Lamb,Waddle,Cooper,Gesicki,Dolphins
Prescott,Gibson,Pollard,Ingram II,Lamb,Waddle,Gallup,Gesicki,Dolphins
Prescott,Pollard,Gaskin,Ingram II,Lamb,McLaurin,Waddle,Schultz,Dolphins
Prescott,Pollard,Gaskin,Patterson,Lamb,McLaurin,Waddle,Schultz,Dolphins
Prescott,Pollard,Gaskin,Patterson,Lamb,Waddle,Cooper,Seals-Jones,Dolphins
Prescott,Pollard,Gaskin,Patterson,Lamb,Waddle,Gallup,Seals-Jones,Dolphins
Prescott,Pollard,Gaskin,Patterson,Lamb,Waddle,Callaway,Schultz,Dolphins
Prescott,Pollard,Gaskin,Patterson,Lamb,Waddle,Smith,Schultz,Dolphins
Prescott,Pollard,Gaskin,Patterson,Lamb,Waddle,Carter,Schultz,Dolphins
Prescott,Pollard,Gaskin,Patterson,Lamb,Waddle,Sims,Schultz,Dolphins
Prescott,Pollard,Gaskin,Patterson,Lamb,Waddle,Humphrey,Schultz,Dolphins
Prescott,Pollard,Johnson,Ingram II,Lamb,McLaurin,Waddle,Schultz,Dolphins
Prescott,Pollard,Johnson,Patterson,Lamb,McLaurin,Waddle,Schultz,Dolphins
Prescott,Pollard,Johnson,Patterson,Lamb,Waddle,Cooper,Seals-Jones,Dolphins
Prescott,Pollard,Johnson,Patterson,Lamb,Waddle,Gallup,Seals-Jones,Dolphins
Prescott,Pollard,Johnson,Patterson,Lamb,Waddle,Callaway,Schultz,Dolphins
Prescott,Pollard,Johnson,Patterson,Lamb,Waddle,Smith,Schultz,Dolphins
Prescott,Pollard,Johnson,Patterson,Lamb,Waddle,Carter,Schultz,Dolphins
Prescott,Pollard,Johnson,Patterson,Lamb,Waddle,Sims,Schultz,Dolphins
Prescott,Pollard,Johnson,Patterson,Lamb,Waddle,Humphrey,Schultz,Dolphins
Prescott,Pollard,Ingram II,Patterson,Lamb,McLaurin,Waddle,Schultz,Dolphins
Prescott,Pollard,Ingram II,Patterson,Lamb,Waddle,Cooper,Gesicki,Dolphins
Prescott,Pollard,Ingram II,Patterson,Lamb,Waddle,Gallup,Gesicki,Dolphins
